equipo,hora,llamadas,no_atendidas
Gestión Daños,0,305,91
Gestión Daños,1,218,71
Gestión Daños,2,219,75
Gestión Daños,3,175,55
Gestión Daños,4,198,64
Gestión Daños,5,472,115
Gestión Daños,6,2143,369
Gestión Daños,7,4210,742
Gestión Daños,8,4161,855
Gestión Daños,9,4317,1087
Gestión Daños,10,4505,1229
Gestión Daños,11,3719,961
Gestión Daños,12,2783,699
Gestión Daños,13,3096,723
Gestión Daños,14,3399,866
Gestión Daños,15,3392,933
Gestión Daños,16,3130,784
Gestión Daños,17,2431,659
Gestión Daños,18,2356,669
Gestión Daños,19,1595,451
Gestión Daños,20,1312,317
Gestión Daños,21,868,248
Gestión Daños,22,644,200
Gestión Daños,23,445,140
Operación Distribución,0,304,102
Operación Distribución,1,228,57
Operación Distribución,2,201,54
Operación Distribución,3,185,46
Operación Distribución,4,202,46
Operación Distribución,5,441,86
Operación Distribución,6,935,192
Operación Distribución,7,2041,367
Operación Distribución,8,2598,479
Operación Distribución,9,2777,646
Operación Distribución,10,2476,646
Operación Distribución,11,2251,595
Operación Distribución,12,1798,476
Operación Distribución,13,1912,498
Operación Distribución,14,2140,488
Operación Distribución,15,2100,558
Operación Distribución,16,2084,518
Operación Distribución,17,1923,540
Operación Distribución,18,1526,472
Operación Distribución,19,1057,338
Operación Distribución,20,789,210
Operación Distribución,21,590,187
Operación Distribución,22,499,170
Operación Distribución,23,371,130
Operación Transmisión,0,15,7
Operación Transmisión,1,12,7
Operación Transmisión,2,8,2
Operación Transmisión,3,1,1
Operación Transmisión,4,22,13
Operación Transmisión,5,53,19
Operación Transmisión,6,185,85
Operación Transmisión,7,132,56
Operación Transmisión,8,264,157
Operación Transmisión,9,147,68
Operación Transmisión,10,125,64
Operación Transmisión,11,149,76
Operación Transmisión,12,88,46
Operación Transmisión,13,214,120
Operación Transmisión,14,198,110
Operación Transmisión,15,230,133
Operación Transmisión,16,172,87
Operación Transmisión,17,229,123
Operación Transmisión,18,110,47
Operación Transmisión,19,54,20
Operación Transmisión,20,33,13
Operación Transmisión,21,48,33
Operación Transmisión,22,54,37
Operación Transmisión,23,38,19
