equipo,perfil,trabajadores
Gestión Daños,Tecnólogos con alta antigüedad en Gestión de Daños,12
Gestión Daños,Tecnólogos jóvenes de Gestión de Daños,7
Gestión Daños,Trabajadores de mayor edad y menor número de hijos,6
Operación Distribución,Ingenieros con mayor número de hijos,7
Operación Distribución,Ingenieros jóvenes con vivienda propia,7
Operación Distribución,Tecnólogos con alta antigüedad en Gestión de Daños,1
Operación Distribución,Tecnólogos jóvenes de Gestión de Daños,1
Operación Distribución,Trabajadores de mayor edad y menor número de hijos,5
Operación Transmisión,Ingenieros con mayor número de hijos,5
Operación Transmisión,Ingenieros jóvenes con vivienda propia,4
Operación Transmisión,Trabajadores de mayor edad y menor número de hijos,1
